<?xml version="1.0" encoding="utf-8"?>
<LanguagePool>
  <Region name="Languages">
    <Text key="German">
      <E>D</E>
    </Text>
    <Text key="English">
      <E>E</E>
    </Text>    
  </Region>
  <Region name="Main">
    <Text key="buttonMount">
      <D>Einbinden</D>
      <E>Mount</E>
    </Text>
    <Text key="buttonDismount">
      <D>Auswerfen</D>
      <E>Dismount</E>
    </Text>
    <Text key="buttonMountContainer">
      <D>Einbinden</D>
      <E>Mount</E>
    </Text>
    <Text key="buttonDismountContainer">
      <D>Auswerfen</D>
      <E>Dismount</E>
    </Text>
    <Text key="buttonKeyfileContainerMount">
      <D>Schlüsselkontainer Einbinden</D>
      <E>Keyfilecontainer Mount</E>
    </Text>
    <Text key="buttonKeyfileContainerDismount">
      <D>Schlüsselkontainer Auswerfen</D>
      <E>Keyfilecontainer Dismount</E>
    </Text>
    <Text key="groupBoxDrive">
      <D>Laufwerke</D>
      <E>Drives</E>
    </Text>
    <Text key="groupBoxContainer">
      <D>Kontainer</D>
      <E>Container</E>
    </Text>
    <Text key="groupBoxKeyfileContainer">
      <D>Schlüsselkontainer</D>
      <E>Keyfilecontainer</E>    
    </Text>
    <Text key="ToolStripMenuItemNew">
      <D>Neu</D>
      <E>New</E>
    </Text>
    <Text key="ToolStripMenuItemFile">
      <D>Datei</D>
      <E>File</E>
    </Text>
    <Text key="ToolStripMenuItemClose">
      <D>Beenden</D>
      <E>Close</E>
    </Text>
    <Text key="ToolStripMenuItemEdit">
      <D>Bearbeiten</D>
      <E>Edit</E>
    </Text>
    <Text key="ContainerToolStripMenuItem">
      <D>Kontainer</D>
      <E>Container</E>
    </Text>
    <Text key="ToolStripMenuItemEditEntry">
      <D>Bearbeiten</D>
      <E>Edit</E>
    </Text>
    <Text key="ToolStripMenuItemRemove">
      <D>Löschen</D>
      <E>Remove</E>
    </Text>
    <Text key="DriveToolStripMenuItem">
      <D>Laufwerk</D>
      <E>Drive</E>
    </Text>
    <Text key="toolStripMenuItemSettings">
      <D>Einstellunge</D>
      <E>Options</E>
    </Text>
    <Text key="ToolStripMenuItemMainSettings">
      <D>Grundeinstellunge</D>
      <E>Mainsettings</E>
    </Text>
    <Text key="ToolStripMenuItemHelp">
      <D>Hilfe</D>
      <E>Help</E>
    </Text>
    <Text key="toolStripMenuVersion">
      <D>Version</D>
      <E>Version</E>
    </Text>
    <Text key="ToolStripMenuItemNotifyKeyfilecontainer">
      <D>Schlüsselkontainer</D>
      <E>Keyfilecontainer</E>
    </Text>
    <Text key="ToolStripMenuItemNotifyRestore">
      <D>Wiederherstellen</D>
      <E>Restore</E>
    </Text>
    <Text key="ToolStripMenuItemNotifyClose">
      <D>Schließen</D>
      <E>Close</E>
    </Text>
    <Text key="ToolStripMenuItemNotifyMount">
      <D>Einbinden</D>
      <E>Mount</E>
    </Text>
    <Text key="ToolStripMenuItemNotifyDismount">
      <D>Auswerfen</D>
      <E>Dismount</E>
    </Text>
    <Text key="automountConfigToolStripMenuItem">
      <D>Autoeinbinden Einstellungen</D>
      <E>Automount settings</E>
    </Text>
    <Text key="comboBoxDrives">
      <D>Bitte Laufwerk auswählen</D>
      <E>Please choose drive</E>
    </Text>
    <Text key="comboBoxContainer">
      <D>Bitte Kontainer auswählen</D>
      <E>Please choose container</E>
    </Text>
    <Text key="NotificationDriveSucceed">
      <D>Laufwerk erfolgreich eingebunden</D>
      <E>Drive successful mounted</E>
    </Text>
    <Text key="NotificationDriveFaild">
      <D>Laufwerk konnte nicht eingebunden werden</D>
      <E>Drive mounting failed</E>
    </Text>
    <Text key="NotificationContainerFaild">
      <D>Kontainer konnte nicht eingebunden werden</D>
      <E>Container mounting failed</E>
    </Text>
    <Text key="NotificationContainerSucceed">
      <D>Kontainer erfolgreich eingebunden</D>
      <E>Container successful mounted</E>
    </Text>
    <Text key="NotificationKeyfilecontainerSucceed">
      <D>Schlüsselkontainer erfolgreich eingebunden</D>
      <E>Keyfilecontainer successful mounted</E>
    </Text>
    <Text key="NotificationKeyfilecontainerFaild">
      <D>Schlüsselkontainer konnte nicht eingebunden werden</D>
      <E>Keyfilecontainer mounting failed</E>
    </Text>
    <Text key="NotificationDriveDismountSucceed">
      <D>Laufwerk erfolgreich ausgeworfen</D>
      <E>Drive successful dismounted</E>
    </Text>
    <Text key="NotificationDriveDismountFaild">
      <D>Laufwerk konnte nicht ausgeworfen werden</D>
      <E>Drive dismounting failed</E>
    </Text>
    <Text key="NotificationContainerDismountFaild">
      <D>Kontainer konnte nicht ausgeworfen werden</D>
      <E>Container dismounting failed</E>
    </Text>
    <Text key="NotificationContainerDismountSucceed">
      <D>Kontainer erfolgreich ausgeworfen</D>
      <E>Container successful dismounted</E>
    </Text>
    <Text key="NotificationKeyfilecontainerDismountSucceed">
      <D>Schlüsselkontainer erfolgreich ausgeworfen</D>
      <E>Keyfilecontainer successful dismounted</E>
    </Text>
    <Text key="NotificationKeyfilecontainerDismountFaild">
      <D>Schlüsselkontainer konnte nicht ausgeworfen werden</D>
      <E>Keyfilecontainer dismounting failed</E>
    </Text>
    <Text key="ValidateMessage">
      <D>Bitte erst Grundeinstellung vornehmen!</D>
      <E>Please configure settings first!</E>
    </Text>
    <Text key="SelectionFaild">
      <D>Bitte erst etwas auswählen oder neue erstellen!</D>
      <E>Please select something first or create it!</E>
    </Text>
    <Text key="NoKeyfileMessage">
      <D>Keyfilekontainer nicht eingebunden oder Keyfile nicht vorhanden.</D>
      <E>Keyfilecontainer not mounted or keyfile does not exist.</E>
    </Text>
    <Text key="DiskNotPresentMessage">
      <D>Laufwerk nicht angeschlossen.</D>
      <E>Drive not conected.</E>
    </Text>
    <Text key="Error">
      <D>Fehler</D>
      <E>Error</E>
    </Text>
    <Text key="KyfilecontainerUsed">
      <D>Laufwerksbuchstabe ist belegt oder KeyfileKontainer ist schon eingebunden.</D>
      <E>Drivletter is used or Keyfilecontainer is mounted.</E>
    </Text>
    <Text key="DriveNotMounted">
      <D>Laufwerk ist nicht eingebunden.</D>
      <E>Drive not mounted.</E>
    </Text>
    <Text key="KeyfilecontainerNotMounted">
      <D>Keyfilekontainer ist nicht eingebunden.</D>
      <E>Keyfilecontainer is not mounted.</E>
    </Text>
    <Text key="ContainerNotMounted">
      <D>Kontainer ist nicht eingebunden.</D>
      <E>Container is not mounted.</E>
    </Text>
    <Text key="DiskNotPresentContainerMessage">
      <D>Das Laufwerk, auf dem der Kontainer gespeichert wurde, ist nicht angeschlossen</D>
      <E>Drive containing the container not connected</E>
    </Text>
    <Text key="MessageDriveDelete">
      <D>Möchten sie das Lauferk wirklich löschen?</D>
      <E>Delete the Drive?</E>
    </Text>
    <Text key="MessageContainerDelete">
      <D>Möchten sie den Kontainer wirklich löschen?</D>
      <E>Delete the container?</E>
    </Text>
    <Text key="DriveSelectionFaild">
      <D>Kein Laufwerk ausgewählt</D>
      <E>No drive selected</E>
    </Text>
    <Text key="MessageWarning">
      <D>Warnung</D>
      <E>Warning</E>
    </Text>
    <Text key="EditMounted">
      <D>Laufwerk oder Container noch eingebunden. Bitte erst auswerfen.</D>
      <E>Drive or container mounted. Please dismount.</E>  
    </Text>
    <Text key="toolStripMenuItem_Drive_new">
      <D>Neu</D>
      <E>New</E>
    </Text>
    <Text key="toolStripMenuItem_Drive_edit">
      <D>Bearbeiten</D>
      <E>Edit</E>
    </Text>
    <Text key="deleteToolStripMenuItem">
      <D>Löschen</D>
      <E>Delete</E>
    </Text>
    <Text key="toolStripMenuItem_Container_new">
      <D>Neu</D>
      <E>New</E>
    </Text>
    <Text key="editToolStripMenuItem_Container_edit">
      <D>Bearbeiten</D>
      <E>Edit</E>
    </Text>
    <Text key="deleteToolStripMenuItem1">
      <D>Löschen</D>
      <E>Delete</E>
    </Text>
    <Text key="Automountusbsucceed">
      <D>: wurde erfolgreich automatisch eingebunden</D>
      <E>: is automatic mounted.</E>
    </Text>
    <Text key="Automountusbfailed">
      <D>: konnte nicht automatisch eingebund werden.</D>
      <E>: automatic mount failed.</E>
    </Text>
    <Text key="automountToolStripMenuItem">
      <D>Autoeinbinden</D>
      <E>Automount</E>
    </Text>
  </Region>
  <Region name="MainToolTips">
    <Text key="ComboboxDriveTip">
      <D>Anzeige der von Ihnen angelegten Laufwerksnamen.</D>
      <E>Shows the drivenames those you created.</E>
    </Text>
    <Text key="ComboboxContainerTip">
      <D>Anzeige der von Ihnen angelegten Kontainernamen.</D>
      <E>Shows the containernames those you created.</E>
    </Text>
  </Region>
  <Region name="NewDrive">
    <Text key="groupBoxSavePassword">
      <D>Passwort</D>
      <E>Password</E>
    </Text>
    <Text key="buttonSavePassword">
      <D>Speichern</D>
      <E>Save</E>
    </Text>
    <Text key="checkBoxPassword">
      <D>nicht speichern</D>
      <E>don't save</E>
    </Text>
    <Text key="buttonShowPassword">
      <D>Anzeigen</D>
      <E>Show</E>
    </Text>
    <Text key="groupBoxPNPDeviceID">
      <D>PNPDeviceID</D>
      <E>PNPDeviceID</E>
    </Text>
    <Text key="checkBoxAutomountStart">
      <D>Autoeinbinden beim Programmstart</D>
      <E>Automount by programstart</E>
    </Text>
    <Text key="lableDescription">
      <D>Name für das Laufwerk</D>
      <E>Name for the Drive</E>
    </Text>
    <Text key="lablePartition">
      <D>Ferschlüssselte Partition</D>
      <E>Encrypted partition</E>
    </Text>
    <Text key="lableKeyfile">
      <D>Keyfile für das Laufwerk</D>
      <E>Keyfile for the drive</E>
    </Text>
    <Text key="checkBoxNoKeyfile">
      <D>Kein Keyfile benutzen</D>
      <E>No Keyfile used</E>
    </Text>
    <Text key="groupBoxMountoptions">
      <D>Einbindeoptionen</D>
      <E>Mountoption</E>
    </Text>
    <Text key="checkBoxRemovable">
      <D>Wechsellaufwerk</D>
      <E>Removable</E>
    </Text>
    <Text key="checkBoxReadonly">
      <D>Schreibgeschützt</D>
      <E>Readonly</E>
    </Text>
    <Text key="lableDriveletter">
      <D>Lauferksbuchstaben und Hash</D>
      <E>Driveletter and hash</E>
    </Text>
    <Text key="checkBoxPim">
      <D>PIM</D>
      <E>PIM</E>
    </Text>
    <Text key="checkBoxTruecrypt">
      <D>TrueCrypt</D>
      <E>TrueCrypt</E>
    </Text>
    <Text key="buttonOk">
      <D>OK</D>
      <E>OK</E>
    </Text>
    <Text key="buttonCancel">
      <D>Abbrechen</D>
      <E>Cancel</E>
    </Text>
    <Text key="NewDrive">
      <D>Neues Laufwerk</D>
      <E>New Drive</E>
    </Text>
    <Text key="DriveEdit">
      <D>Lauferk bearbeiten</D>
      <E>Edit Drive</E>
    </Text>
    <Text key="MessageMasterPasswordWrong">
      <D>Passwort falsch</D>
      <E>wrong password</E>
    </Text>
    <Text key="MessagePimNotSet">
      <D>Es wurde kein PIM angeben. OK PIM eingebenm</D>
      <E>PIM not set. OK enter PIM.</E>
    </Text>
    <Text key="MessageDriveExist">
      <D>Beschreibung mit diesem namen schon vorhanden.</D>
      <E>Description with this name exists.</E>
    </Text>
    <Text key="MessageDesciptionEmpty">
      <D>Beschreibung darf nicht leer sein.</D>
      <E>Description is empty.</E>
    </Text>
    <Text key="MessageDescriptionLetter">
      <D>Bezeichnung muss mit einem Buchstaben beginnen</D>
      <E>Description does not beginn with an letter.</E>
    </Text>
    <Text key="MessageDescriptNoValidName">
      <D>Die Beschreibung darf nicht 'configSections' oder 'Grundeinstellungen' sein.</D>
      <E>Description does not named 'Grundeinstellungen' or 'configSections'.</E>
    </Text>
    <Text key="MessagePartitionIsEmpty">
      <D>Partition darf nicht leer sein.</D>
      <E>Partiton does not be empty.</E>
    </Text>
    <Text key="MessageKeyfileEmpty">
      <D>Keyfile darf nicht leer sein.</D>
      <E>Keyfile does not be empty.</E>
    </Text>
    <Text key="MessagePartitionWrongFormat">
      <D>Partition benötigt folgendes Format: \n \Device\HarddiskX\PartitionX \n X= Nummer der Partition und Disk.</D>
      <E>Partition format must be: \n \Device\HarddiskX\PartitionX \n X= Number of partition and disk.</E>
    </Text>
    <Text key ="MessagePartnumberEmpty">
      <D>Partitionsnummer konnte nicht ermittelt werden.</D>
      <E>Failed to get number of partition</E>
    </Text>
    <Text key="MessageDisknumberEmpty">
      <D>Disknummer konnte nicht ermittelt werden.</D>
      <E>Failed to get number of disk.</E>
    </Text>
    <Text key="MessagePnpdeviceidEmpty">
      <D>PNPDeviceID konnte nicht ermittelt werden.</D>
      <E>Failed to get PNPDeviceID of disk.</E>
    </Text>
    <Text key="Error">
      <D>Fehler</D>
      <E>Error</E>
    </Text>
    <Text key="MessageDrivletterIsUsed">
      <D>Laufwerksbuchstabe ist benutzt von: </D>
      <E>Driveletter is used by: </E>
    </Text>
    <Text key ="checkBoxAutomountUsb">
      <D>Autoeinbinden von USB</D>
      <E>Automount from USB</E>
    </Text>
  </Region>
    <Region name="Mainsettings">
      <Text key="Form">
        <D>Grundeinstellungen</D>
        <E>Mainsettings</E>
      </Text>
      <Text key="groupBoxConfigPath">
        <D>Config Ordner</D>
        <E>Config Path</E>
      </Text>
      <Text key="buttonShowConfig">
        <D>Configordner</D>
        <E>Config path</E>
      </Text>
      <Text key="labelHash">
        <D>hash</D>
        <E>hash</E>
      </Text>
      <Text key="labelTruecryptPath">
        <D>Pfad zur VeraCrypt.exe</D>
        <E>Path to VeraCrypt.exe</E>
      </Text>
      <Text key="buttonTruecryptPath">
        <D>Auswählen</D>
        <E>Choose</E>
      </Text>
      <Text key="buttonContainerPath">
        <D>Auswählen</D>
        <E>Choose</E>
      </Text>
      <Text key="groupBoxKeyfileContainer">
        <D>Keyfilekontainer Optionen</D>
        <E>Keyfilecontainer settings</E>
      </Text>
      <Text key="labelKeyfilecontainer">
        <D>Pfad zum Keyfilekontainer</D>
        <E>Path to Keyfikecontainer</E>
      </Text>
      <Text key="labelDriveletter">
        <D>Laufwerksbuchstabe</D>
        <E>Driveletter</E>
      </Text>
      <Text key="checkBoxPim">
        <D>PIM</D>
        <E>PIM</E>
      </Text>
      <Text key="checkBoxReadonly">
        <D>Schreibgeschützt</D>
        <E>Readonly</E>
      </Text>
      <Text key="checkBoxRemovable">
        <D>Wechsellaufwerk</D>
        <E>Removable</E>
      </Text>
      <Text key="groupBoxUsesettings">
        <D>Benutereinstellungen</D>
        <E>Usersettings</E>
      </Text>
      <Text key="checkBoxPortable">
        <D>Portable</D>
        <E>Portable</E>
      </Text>
      <Text key="checkBoxNoKeyfilecontainer">
        <D>Keyfilekontainer nicht benutzen</D>
        <E>Do not use Keyfilecontainer</E>
      </Text>
      <Text key="groupBoxLanguage">
        <D>Sprache</D>
        <E>Language</E>
      </Text>
      <Text key="groupBoxDebug">
        <D>Fehlersuche</D>
        <E>Debuging</E>
      </Text>
      <Text key="checkBoxSilentMode">
        <D>Silentmode abschalten</D>
        <E>Deaktivate silentmode</E>
      </Text>
      <Text key="buttonOk">
        <D>OK</D>
        <E>OK</E>
      </Text>
      <Text key="buttonClose">
        <D>Schließen</D>
        <E>Close</E>
      </Text>
      <Text key="Error">
        <D>Fehler</D>
        <E>Error</E>
      </Text>
      <Text key="MessageSelectVeracryptPath">
        <D>Bitte Veracrypt.exe auswählen.</D>
        <E>Please select Veracrypt.exe</E>
      </Text>
      <Text key="MesageSetPathContainer">
        <D>Bitte Pfad zum Keyfilekontainer angeben.</D>
        <E>Please set path to Keyfilecontainer.</E>
      </Text>
      <Text key="MessageSelectDriveletter">
        <D>Bitte erst Laufwerkbuchstaben auswählen.</D>
        <E>Please select driveletter.</E>
      </Text>
      <Text key="MessageDrivletterIsUsed">
        <D>Laufwerksbuchstabe ist benutzt von: </D>
        <E>Driveletter is used by: </E>
      </Text>
      <Text key="checkBoxAutomount">
        <D>Autoeinbinden</D>
        <E>Automount</E>
      </Text>
    </Region>
  <Region name="NewContainer">
    <Text key="Form">
      <D>Neuer Kontainer</D>
      <E>New Container</E>
    </Text>
    <Text key="buttonShowPassword">
      <D>Zeigen</D>
      <E>Show</E>
    </Text>
    <Text key="checkBoxPassword">
      <D>nicht speichern</D>
      <E>don't save</E>
    </Text>
    <Text key="groupBoxSavePassword">
      <D>Passwort Speichern</D>
      <E>Save Password</E>
    </Text>
    <Text key="buttonSavePassword">
      <D>Speicher</D>
      <E>Save</E>
    </Text>
    <Text key="groupBoxHash">
      <D>hash</D>
      <E>hash</E>
    </Text>
    <Text key="groupBoxDescription">
      <D>Beschreibung des Kontainers</D>
      <E>Container description</E>
    </Text>
    <Text key="groupBoxPath">
      <D>Pfad zum Kontainer</D>
      <E>Path to the container</E>
    </Text>
    <Text key="groupBoxKyfilename">
      <D>Schlüsseldateiname</D>
      <E>Keyfilename</E>
    </Text>
    <Text key="groupBoxDriveletter">
      <D>Laufwerksbuchstabe</D>
      <E>Driveletter</E>
    </Text>
    <Text key="groupBoxMountoptions">
      <D>Einbindeoptionen</D>
      <E>Mountotions</E>
    </Text>
    <Text key="checkBoxNoKeyfile">
      <D>Keinen Keyfile</D>
      <E>No Keyfile</E>
    </Text>
    <Text key="checkBoxRemovable">
      <D>Wechsellaufwerk</D>
      <E>Removable</E>
    </Text>
    <Text key="checkBoxReadonly">
      <D>Schreibgeschützt</D>
      <E>Readonly</E>
    </Text>
    <Text key="buttonOk">
      <D>OK</D>
      <E>OK</E>
    </Text>
    <Text key="buttonClose">
      <D>Schließen</D>
      <E>Close</E>
    </Text>
    <Text key="buttonOpenContainer">
      <D>Öffnen</D>
      <E>Open</E>
    </Text>
    <Text key="comboBoxDrives">
      <D>Bitte Laufwerk auswählen</D>
      <E>Please choose drive</E>
    </Text>
    <Text key="MessageDescriptionNullorEmpty">
      <D>Beschreibung darf nicht leer sein</D>
      <E>Description is empty</E>
    </Text>
    <Text key="MessageMasterPasswordWrong">
      <D>Passwort falsch</D>
      <E>wrong password</E>
    </Text>
    <Text key="MessageDriveNotConnected">
      <D>Laufwerk nicht verbunden</D>
      <E>Drive not connected</E>
    </Text>
    <Text key="MessageDrivletterIsUsed">
      <D>Laufwerksbuchstabe ist benutzt von: </D>
      <E>Driveletter is used by: </E>
    </Text>
    <Text key="MessagePimNotSet">
      <D>Bitte Passwort und Pim eingeben.</D>
      <E>Please input password and pim.</E>
    </Text>
    <Text key ="checkBoxAutomountUsb">
      <D>Autoeinbinden von USB</D>
      <E>Automount from USB</E>
    </Text>
    <Text key="checkBoxAutomountStart">
      <D>Autoeinbinden beim Programmstart</D>
      <E>Automount by programstart</E>
    </Text>
  </Region>
  <Region name="Passwordinput">
    <Text key="FormMaster">
      <D>Master Passwort</D>
      <E>Master password</E>
    </Text>
    <Text key="Form">
      <D>Passworteingabe</D>
      <E>Passwordinput</E>
    </Text>
    <Text key ="labelPasswordMaster">
      <D>Bitte Master Passwort eingeben!</D>
      <E>Please input master password!</E>
    </Text>
    <Text key="labelPim">
      <D>PIM</D>
      <E>PIM</E>
    </Text>
    <Text key="labelPassword">
      <D>Bitte Passwort eingeben</D>
      <E>Please input password</E>
    </Text>
    <Text key="buttonOk">
      <D>OK</D>
      <E>OK</E>
    </Text>
    <Text key="MessagePasswordEmty">
      <D>Passwort darf nicht leer sein</D>
      <E>Password is emty</E>
    </Text>
    <Text key="MessagePimWrongValue">
      <D>PIM darf nur aus Zahlen bestehen. Bei einer Passwortlänge kleiner als 20 Zeichen, darf der PIM nicht kleiner als 485 sein.</D>
      <E>PIM must be contain only numbers. If the password is less then 20 chars the PIM must be greater then 485.</E>
    </Text>
    <Text key="MessageDrivletterIsUsed">
      <D>Laufwerksbuchstabe ist benutzt von: </D>
      <E>Driveletter is used by: </E>
    </Text>
  </Region>
  <Region name="ContainerselectionPortable">
    <Text key="Form">
      <D>Schlüsselkontainer</D>
      <E>Keyfilecontainer</E>
    </Text>
    <Text key="labelKeyfilecontainer">
      <D>Bitte Schlüsselkontainer auswählen</D>
      <E>Please choose Keyfilecontainer</E>
    </Text>
    <Text key="buttonOk">
      <D>OK</D>
      <E>OK</E>
    </Text>
    <Text key="buttonClose">
      <D>Schließen</D>
      <E>Close</E>
    </Text>
    <Text key="MessageNoSelection">
      <D>Bitte Schlüsselkontainer auswählen.</D>
      <E>Please select keyfilecontainer.</E>
    </Text>
    <Text key="Error">
      <D>Fehler</D>
      <E>Error</E>
    </Text>
  </Region>
  <Region name="Automount">
    <Text key="Form">
      <D>Autoeinbinden einstellungen</D>
      <E>Automount config</E>
    </Text>
    <Text key="checkBoxUseAutomount">
      <D>Autoeinbinden für USB benutzen</D>
      <E>Use automount for USB</E>
    </Text>
    <Text key="checkBoxDrives">
      <D>Laufwerke einbinden von USB</D>
      <E>Mount drives from USB</E>
    </Text>
    <Text key="checkBoxContainer">
      <D>Kontainer einbinden von USB</D>
      <E>Mount container from USB</E>
    </Text>
    <Text key="buttonOK">
      <D>OK</D>
      <E>OK</E>
    </Text>
    <Text key="buttonCancel">
      <D>Schließen</D>
      <E>Cancel</E>
    </Text>
    <Text key="groupBoxUsbAutomount">
      <D>Autoeinbinden Einstellungen</D>
      <E>Automount settings</E>
    </Text>
    <Text key="tabPageUsbAutomount">
      <D>USB</D>
      <E>USB</E>
    </Text>
    <Text key="tabPageStartAutomount">
      <D>Programmstart</D>
      <E>Programstart</E>
    </Text>
    <Text key="checkBoxUseStartAutomount">
      <D>Autoeinbinden beim Start benutzen</D>
      <E>Use automount for start</E>
    </Text>
    <Text key="checkBoxStartDrives">
      <D>Laufwerke beim Start einbinden</D>
      <E>Mount drives by programstart</E>
    </Text>
    <Text key="checkBoxSartContainer">
      <D>Kontainer beim Start einbinden</D>
      <E>Mount container by programstart</E>
    </Text>
    <Text key="groupBoxStartAutomount">
      <D>Autoeinbinden Einstellunge</D>
      <E>Automount settings</E>
    </Text>     
  </Region>
  <Region name="Automountstart">
    <Text key="ContainerMounted">
      <D>: Laufwerk bereits eingebunden.</D>
      <E>: Drive already mountend.</E>
    </Text>
    <Text key="DriveMounted">
      <D>: Laufwerk bereits eingebunden.</D>
      <E>: Drive already mountend.</E>
    </Text>
    <Text key="TryMount">
      <D>: Wird versuch einzubinden.</D>
      <E>: Trying to mount.</E>
    </Text>
    <Text key="Password">
      <D>Bitte Passwort eingeben für :</D>
      <E>Please insert password : </E>
    </Text>
    <Text key="State">
      <D> einbindung: </D>
      <E> mounting: </E>
    </Text>
    <Text key="Faild">
      <D>Fehlgeschlagen</D>
      <E>faild</E>
    </Text>
    <Text key="Succeed">
      <D>Erfolgreich</D>
      <E>succeed</E>
    </Text>
    <Text key="ContainerNotExist">
      <D>: Kontainerdatei nicht vorhanden.</D>
      <E>: Containerfile not exist.</E>
    </Text>
    <Text key="KeyfilecontainerMounted">
      <D>Schlüsselkontainer bereits eingebunden.</D>
      <E>Keyfilecontainer already mountend.</E>
    </Text>
    <Text key="KeyfilecontainerTryMount">
      <D>Schlüsselkontainer wird versuch einzubinden.</D>
      <E>Trying to mount Keyfilecontainer.</E>
    </Text>
    <Text key="KeyfilecontainerState">
      <D>Schlüsselkontainer einbindung: </D>
      <E>Mounting Keyfilecontainer: </E>
    </Text>
    <Text key="KeyfilecontainerNotExist">
      <D>Schlüsselkontainer nicht vorhanden.</D>
      <E>Keyfilecontainer not exist.</E>
    </Text>
  </Region>
  <Region name="Automountform">
    <Text key="Form">
      <D>Autoeinbinden</D>
      <E>Automount</E>
    </Text>
    <Text key="buttonOk">
      <D>OK</D>
      <E>OK</E>
    </Text>
    <Text key="buttonCacheOk">
      <D>Speichern</D>
      <E>Cache</E>
    </Text>
    <Text key="buttonClose">
      <D>Schließen</D>
      <E>Close</E>
    </Text>
  </Region>
  <Region name="SelectPartition">
    <Text key="labelDisk">
      <D>Laufwerk</D>
      <E>disk</E>
    </Text>
    <Text key="labelPartition">
      <D>Partition</D>
      <E>partition</E>
    </Text>
    <Text key="buttonOK">
      <D>OK</D>
      <E>OK</E>
    </Text>
    <Text key="buttonCancel">
      <D>Abrechen</D>
      <E>Cancel</E>
    </Text>
    <Text key="SelectPartition">
      <D>Partitionswahl</D>
      <E>SelectPartition</E>
    </Text>
    <Text key="MessageSelectPartition">
      <D>Bitte Laufwerk und Partition Auswählen</D>
      <E>Please select drive and partition</E>
    </Text>
    <Text key="MessageSelectDrive">
      <D>Bitte ein Laufwerk auswählen</D>
      <E>Please select a drive.</E>
    </Text>
  </Region>
  <Region name="AutomountUsb">
    <Text key="DiskNotPresentMessage">
      <D>Laufwerk nicht Angeschlossen</D>
      <E>Drive not connected</E>
    </Text>
    <Text key="NoKeyfileMessage">
      <D>Schlüsseldatei nicht vorhanden</D>
      <E>Keyfile not present</E>
    </Text>
    <Text key="Mountfail">
      <D>Einbinden vehlgeschlagen. Wollen sie es nochmal versuchen?</D>
      <E>Mount failed. Retry mount process?</E>
    </Text>
  </Region>
  <Region name="Password">
    <Text key="Caption">
      <D>Master Passwort Eingeben</D>
      <E>Input master password</E>
    </Text>
    <Text key="buttonCancel">
      <D>Abbrechen</D>
      <E>Cancel</E>
    </Text>
    <Text key="buttonChangePassword">
      <D>Passwort ändern</D>
      <E>Changen password</E>
    </Text>
    <Text key ="buttonOK">
      <D>OK</D>
      <E>OK</E>
    </Text>
    <Text key="buttonReset">
      <D>Zurücksetzen</D>
      <E>Reset</E>
    </Text>
    <Text key="resetMessage">
      <D>Um das Passwort zurückzusetzen, wird die Konfig gelöscht. Alle Einstellungen der angelegeten Laufwerke und Kontainer gehen verlohren.</D>
      <E>To reset the password all configurations of Drives and Containers will be deleted.</E>
    </Text>
    <Text key="equel">
      <D>Passwort übereinstimment</D>
      <E>Password equel</E>
    </Text>
    <Text key="not equel">
      <D>Passwort nicht übereinstimmend</D>
      <E>Password not equel</E>
    </Text>
    <Text key="password wrong">
      <D>Passwort Falsch</D>
      <E>Password wrong</E>
    </Text>
    <Text key="labelOldPassword">
      <D>Altes Passwort</D>
      <E>Old password</E>
    </Text>
    <Text key="labelPassword_first">
      <D>Passwort</D>
      <E>Password</E>
    </Text>
    <Text key="labelPassword_second">
      <D>Password wiederholen</D>
      <E>Retype password</E>
    </Text>
  </Region>
</LanguagePool>
